<?xml version="1.0" encoding="UTF-8"?>
<beans xmlns="http://www.springframework.org/schema/beans"
	xmlns:xsi="http://www.w3.org/2001/XMLSchema-instance"
	xmlns:p="http://www.springframework.org/schema/p"
	xsi:schemaLocation="http://www.springframework.org/schema/beans  
                http://www.springframework.org/schema/beans/spring-beans-3.0.xsd">

	<bean id="ram" class="com.virtusa.bean.Leaf">
		<constructor-arg value="3000"></constructor-arg>
		<constructor-arg value="RAM"></constructor-arg>

	</bean>
	<bean id="harddisk" class="com.virtusa.bean.Leaf">
		<constructor-arg value="2500"></constructor-arg>
		<constructor-arg value="HARD DISK"></constructor-arg>

	</bean>
	<bean id="cpu" class="com.virtusa.bean.Leaf">
		<constructor-arg value="3800"></constructor-arg>
		<constructor-arg value="CPU"></constructor-arg>
	</bean>
	<bean id="mouse" class="com.virtusa.bean.Leaf">
		<constructor-arg value="300"></constructor-arg>
		<constructor-arg value="MOUSE"></constructor-arg>
	</bean>
	<bean id="monitor" class="com.virtusa.bean.Leaf">
		<constructor-arg value="1250"></constructor-arg>
		<constructor-arg value="MONITOR"></constructor-arg>
	</bean>
	<bean id="peripherals" class="com.virtusa.bean.Composite">
		<constructor-arg value="PERIPHERALS"></constructor-arg>
		<property name="components">
			<list>
				<ref bean="mouse" />
				<ref bean="monitor" />
			</list>
		</property>
	</bean>
	<bean id="computer" class="com.virtusa.bean.Composite">
		<constructor-arg value="COMPUTER"></constructor-arg>
		<property name="components">
			<list>
				<ref bean="peripherals" />
				<ref bean="cabinet" />
			</list>
		</property>
	</bean>



	<bean id="motherboard" class="com.virtusa.bean.Composite">
		<constructor-arg value="MOTHER BOARD"></constructor-arg>
		<property name="components">
			<list>
				<ref bean="cpu" />
				<ref bean="ram" />
			</list>
		</property>
	</bean>
	<bean id="cabinet" class="com.virtusa.bean.Composite">
		<constructor-arg value="CABINET"></constructor-arg>
		<property name="components">
			<list>
				<ref bean="harddisk" />
				<ref bean="motherboard" />
			</list>
		</property>
	</bean>
</beans>  